/media/magalhaes/schreder/d6/images/d6_1944_19833.jpg,day
/media/magalhaes/schreder/d6/images/d6_13595_2789.jpg,day
/media/magalhaes/schreder/d5/images/d5_486_25943.jpg,day
/media/magalhaes/schreder/d5/images/d5_665_18318.jpg,day
/media/magalhaes/schreder/d5/images/d5_25380_7998.jpg,day
/media/magalhaes/schreder/d5/images/d5_929_15105.jpg,day
/media/magalhaes/schreder/d5/images/d5_3353_9668.jpg,day
/media/magalhaes/schreder/d5/images/d5_4065_12629.jpg,day
/media/magalhaes/schreder/d1/images/d1_251_3642.jpg,day
/media/magalhaes/schreder/d1/images/d1_48_13646.jpg,day
/media/magalhaes/schreder/d1/images/d1_3715_11643.jpg,day
/media/magalhaes/schreder/d2/images/d2_1395_30674.jpg,day
/media/magalhaes/schreder/d2/images/d2_4161_22089.jpg,day
/media/magalhaes/schreder/d2/images/d2_2432_6402.jpg,day
/media/magalhaes/schreder/d3/images/d3_9334_29384.jpg,day
/media/magalhaes/schreder/d3/images/d3_649_22484.jpg,day
/media/magalhaes/schreder/d3/images/d3_1519_4297.jpg,day
/media/magalhaes/schreder/d4/images/d4_3324_19903.jpg,day
/media/magalhaes/schreder/d4/images/d4_2796_516.jpg,day
/media/magalhaes/schreder/d4/images/d4_3141_21166.jpg,day
/media/magalhaes/schreder/d4/images/d4_2780_17700.jpg,day
/media/magalhaes/schreder/d6/images/d6_1068_12493.jpg,day
/media/magalhaes/schreder/d6/images/d6_22119_23499.jpg,day
/media/magalhaes/schreder/d6/images/d6_158_32269.jpg,day
/media/magalhaes/schreder/d6/images/d6_21977_12442.jpg,day
/media/magalhaes/schreder/d6/images/d6_21895_9239.jpg,day
/media/magalhaes/schreder/d3/images/d3_29771_14475.jpg,day
/media/magalhaes/schreder/d3/images/d3_31382_11311.jpg,day
/media/magalhaes/schreder/d4/images/d4_555_28334.jpg,day
/media/magalhaes/schreder/d4/images/d4_5959_6165.jpg,day
/media/magalhaes/schreder/d2/images/d2_26379_22172.jpg,day
/media/magalhaes/schreder/d3/images/d3_8805_30777.jpg,day
/media/magalhaes/schreder/d4/images/d4_2932_15145.jpg,day
/media/magalhaes/schreder/d5/images/d5_3222_23826.jpg,day
/media/magalhaes/schreder/d6/images/d6_537_22341.jpg,day
/media/magalhaes/schreder/d6/images/d6_1434_19704.jpg,day
/media/magalhaes/schreder/d1/images/d1_1216_2342.jpg,night
/media/magalhaes/schreder/d1/images/d1_3008_7714.jpg,night
/media/magalhaes/schreder/d1/images/d1_4098_31784.jpg,night
/media/magalhaes/schreder/d6/images/d6_2769_11619.jpg,night
/media/magalhaes/schreder/d5/images/d5_3012_17717.jpg,night
/media/magalhaes/schreder/d5/images/d5_3790_31338.jpg,night
/media/magalhaes/schreder/d4/images/d4_5113_4464.jpg,night
/media/magalhaes/schreder/d4/images/d4_5531_10630.jpg,night
/media/magalhaes/schreder/d4/images/d4_3096_13489.jpg,night
/media/magalhaes/schreder/d3/images/d3_30018_11480.jpg,night
/media/magalhaes/schreder/d1/images/d1_197_15586.jpg,night
/media/magalhaes/schreder/d2/images/d2_2670_17123.jpg,night
/media/magalhaes/schreder/d2/images/d2_2907_23001.jpg,night
/media/magalhaes/schreder/d2/images/d2_3883_10880.jpg,night
/media/magalhaes/schreder/d3/images/d3_9478_17262.jpg,night
/media/magalhaes/schreder/d3/images/d3_341_13024.jpg,night
/media/magalhaes/schreder/d6/images/d6_1054_20624.jpg,night
/media/magalhaes/schreder/d6/images/d6_21120_11001.jpg,night
/media/magalhaes/schreder/d6/images/d6_987_7875.jpg,night
/media/magalhaes/schreder/d6/images/d6_22006_9512.jpg,night